{
  "metadata": {
    "formatVersion": 3.1,
    "sourceFile": "balloon2-expanded-low-res.obj",
    "generatedBy": "OBJConverter",
    "vertices": 65,
    "faces": 117,
    "normals": 0,
    "colors": 0,
    "uvs": 81,
    "materials": 1
  },
  "scale": 1.000000,
  "materials": [
    {
      "DbgColor": 15658734,
      "DbgIndex": 0,
      "DbgName": "Material_test-image.003"
    }
  ],
  "vertices": [
    -0.131134,
    -0.151411,
    0.084181,
    -0.020897,
    -0.158513,
    0.164338,
    0.185064,
    0.298787,
    0.551372,
    0.120397,
    -0.148413,
    0.098936,
    0.166109,
    -0.163045,
    -0.010206,
    0.107120,
    -0.146466,
    -0.107116,
    0.463515,
    0.339770,
    -0.414346,
    -0.018073,
    -0.159689,
    -0.165810,
    -0.153438,
    -0.153586,
    -0.054879,
    -0.566337,
    0.304935,
    0.126117,
    -0.571564,
    0.499599,
    0.436945,
    0.571563,
    0.499598,
    0.436946,
    -0.436953,
    0.499598,
    -0.571545,
    -0.741402,
    0.567107,
    -0.197398,
    -0.250848,
    0.772368,
    0.862681,
    0.709114,
    0.488289,
    0.000002,
    0.269603,
    0.691059,
    -0.805405,
    -0.204075,
    0.778284,
    -0.863208,
    0.260635,
    1.529302,
    1.178565,
    -0.910591,
    1.268093,
    -0.631682,
    -1.091444,
    1.284640,
    0.240769,
    -0.800364,
    1.644040,
    0.921927,
    -1.149356,
    1.639751,
    0.432892,
    0.631686,
    1.268094,
    0.910589,
    1.171618,
    1.677135,
    0.392976,
    1.024069,
    1.102057,
    0.174858,
    1.115060,
    1.414354,
    -0.371119,
    0.800362,
    1.644037,
    -0.921927,
    0.115167,
    1.163044,
    -1.061013,
    -1.181540,
    1.581983,
    -0.235485,
    -0.443241,
    1.426229,
    -1.069220,
    0.397716,
    1.784967,
    -1.170386,
    -0.192393,
    1.846653,
    -1.218645,
    -0.733321,
    1.904131,
    -1.002590,
    -0.338929,
    1.707069,
    1.189286,
    0.768091,
    1.862619,
    0.967001,
    -1.173706,
    2.021058,
    -0.392444,
    -1.044828,
    2.306797,
    0.535546,
    1.201043,
    2.081931,
    -0.306736,
    0.354309,
    2.201948,
    -1.159085,
    -0.661421,
    2.513951,
    0.866620,
    -0.232639,
    2.425243,
    1.101071,
    0.130604,
    2.193411,
    1.198185,
    0.661409,
    2.513972,
    0.866627,
    1.118970,
    2.363460,
    0.348557,
    0.753406,
    2.567440,
    -0.745155,
    -0.365373,
    2.371121,
    -1.095605,
    -0.866625,
    2.513949,
    -0.661420,
    -1.161790,
    2.301795,
    0.201887,
    -0.016156,
    2.678368,
    -0.979635,
    -0.959232,
    2.679732,
    -0.203718,
    0.865425,
    2.765774,
    -0.239084,
    -0.801375,
    2.804847,
    0.271754,
    0.031851,
    2.750938,
    0.912350,
    0.817381,
    2.798536,
    0.252766,
    -0.485826,
    2.910687,
    -0.538600,
    0.266554,
    2.959003,
    0.594594,
    0.256280,
    2.954208,
    -0.610240,
    0.438900,
    3.064446,
    0.051050,
    -0.032373,
    3.084424,
    -0.374732,
    -0.371239,
    3.088468,
    0.029989,
    -0.239727,
    3.073685,
    0.377465,
    0.009934,
    3.136522,
    0.016381,
    0.009661,
    3.117715,
    -0.017185,
    -0.017552,
    3.124266,
    0.006327
  ],
  "morphTargets": [],
  "morphColors": [],
  "normals": [],
  "colors": [],
  "uvs": [
    [
      0.17785,
      0.82381,
      0.14786,
      0.81979,
      0.20097,
      0.80435,
      0.2003,
      0.80391,
      0.21953,
      0.88008,
      0.1804,
      0.85217,
      0.20048,
      0.80424,
      0.24203,
      0.78032,
      0.25221,
      0.811,
      0.21517,
      0.76824,
      0.20091,
      0.80435,
      0.14963,
      0.74712,
      0.19232,
      0.74023,
      0.15274,
      0.78435,
      0.22279,
      0.82381,
      0.30963,
      0.92336,
      0.32916,
      0.86696,
      0.31217,
      0.76169,
      0.30672,
      0.6796,
      0.14802,
      0.69204,
      0.05644,
      0.79042,
      0.09001,
      0.9039,
      0.16529,
      0.98041,
      0.11097,
      0.95693,
      0.38464,
      0.76763,
      0.23594,
      0.62795,
      0.074772,
      0.70091,
      0.023458,
      0.86196,
      0.26541,
      0.97463,
      0.14056,
      0.62439,
      0.3134,
      0.035597,
      0.42239,
      0.092311,
      0.36976,
      0.17918,
      0.29143,
      0.12158,
      0.086905,
      0.6432,
      0.035239,
      0.93229,
      0.19994,
      0.51857,
      0.316,
      0.55134,
      0.27712,
      0.60836,
      0.070538,
      0.49635,
      0.12226,
      0.40909,
      0.10689,
      0.12197,
      0.14479,
      0.25098,
      0.048927,
      0.25327,
      0.53777,
      0.17659,
      0.44632,
      0.22823,
      0.50664,
      0.48433,
      0.5092,
      0.31771,
      0.59289,
      0.34208,
      0.050041,
      0.39955,
      0.13849,
      0.30663,
      0.20323,
      0.20895,
      0.25105,
      0.16375,
      0.18948,
      0.064068,
      0.42515,
      0.53195,
      0.38522,
      0.46256,
      0.41613,
      0.37634,
      0.28562,
      0.45959,
      0.32641,
      0.41521,
      0.40402,
      0.31309,
      0.3879,
      0.26248,
      0.26684,
      0.36853,
      0.27798,
      0.26707,
      0.2167,
      0.29101,
      0.29314,
      0.20409,
      0.32229,
      0.23996,
      0.34234,
      0.35976,
      0.20009,
      0.34534,
      0.21167,
      0.40743,
      0.27258,
      0.30745,
      0.34672,
      0.29241,
      0.30882,
      0.33928,
      0.30758,
      0.29815,
      0.30235,
      0.30268,
      0.30884,
      0.30786,
      0.20027,
      0.80396,
      0.20062,
      0.80429,
      0.20059,
      0.80415,
      0.38968,
      0.85943,
      0.023415,
      0.72383,
      0.40271,
      0.017396
    ]
  ],