{
  "metadata": {
    "formatVersion": 3.1,
    "sourceFile": "balloon2-low-res.obj",
    "generatedBy": "OBJConverter",
    "vertices": 74,
    "faces": 111,
    "normals": 0,
    "colors": 0,
    "uvs": 88,
    "materials": 1
  },
  "scale": 1.000000,
  "materials": [
    {
      "DbgColor": 15658734,
      "DbgIndex": 0,
      "DbgName": "Material_test-image.004"
    }
  ],
  "vertices": [
    -0.110392,
    0.300104,
    0.280204,
    0.001086,
    -0.009624,
    -0.001099,
    -0.254931,
    0.272640,
    0.091917,
    -0.374674,
    0.734541,
    0.485793,
    0.317170,
    0.564250,
    0.420928,
    0.349251,
    0.365264,
    -0.043746,
    0.381848,
    0.877397,
    -0.598359,
    -0.043747,
    0.365273,
    -0.349257,
    -0.529873,
    0.634723,
    -0.154596,
    -0.722817,
    0.988201,
    0.247142,
    -0.158546,
    1.112143,
    0.799492,
    0.253024,
    1.159621,
    0.805640,
    0.814398,
    1.096351,
    0.021825,
    0.022263,
    1.089057,
    -0.811394,
    -0.465506,
    0.812549,
    -0.465506,
    -0.320972,
    1.655122,
    0.953906,
    0.802934,
    1.695521,
    0.609233,
    0.726053,
    1.234803,
    -0.479495,
    -0.174453,
    1.629053,
    -0.972623,
    -0.923087,
    1.506930,
    -0.301079,
    -0.816641,
    1.854478,
    0.620593,
    0.620595,
    1.854480,
    -0.816641,
    -0.609230,
    1.695521,
    -0.802934,
    -0.993075,
    1.743732,
    0.190152,
    1.019307,
    1.766157,
    0.015466,
    -0.542732,
    2.245368,
    0.796564,
    0.313092,
    1.923847,
    0.984636,
    0.961957,
    2.127032,
    -0.310595,
    0.190111,
    1.908253,
    -1.005749,
    -0.294679,
    2.088619,
    -0.965546,
    -0.995500,
    1.926563,
    -0.274981,
    0.013126,
    2.259784,
    0.974124,
    0.564739,
    2.339809,
    0.724484,
    0.926598,
    2.221557,
    0.327078,
    -0.628016,
    2.422235,
    -0.628017,
    -0.859912,
    2.442225,
    0.241597,
    -0.119273,
    2.476219,
    0.836058,
    0.395358,
    2.319901,
    -0.870874,
    -0.793701,
    2.532865,
    -0.210373,
    0.812691,
    2.524494,
    -0.000000,
    0.533286,
    2.630114,
    -0.488395,
    -0.317719,
    2.764091,
    0.489562,
    0.380128,
    2.674162,
    0.581227,
    0.040827,
    2.723822,
    -0.609020,
    -0.229768,
    2.468558,
    -0.824625,
    0.540179,
    2.767309,
    -0.035421,
    -0.229681,
    2.832596,
    -0.361339,
    0.220767,
    2.874812,
    0.247337,
    0.188845,
    2.883746,
    -0.199733,
    -0.409602,
    2.842873,
    0.048135,
    0.000000,
    2.899765,
    0.152700,
    0.152700,
    2.899765,
    0.000000,
    0.000000,
    2.899765,
    -0.152700,
    -0.152700,
    2.899765,
    0.000000,
    0.011383,
    2.893301,
    0.227509,
    0.000000,
    2.911492,
    0.000001,
    0.000000,
    2.911492,
    0.000001,
    0.000000,
    2.911492,
    0.000001,
    0.000000,
    2.911492,
    0.000000,
    0.000000,
    2.911492,
    0.000000,
    0.000001,
    2.911492,
    0.000000,
    0.000001,
    2.911492,
    0.000000,
    0.000001,
    2.911492,
    0.000000,
    0.000000,
    2.911492,
    0.000000,
    0.000000,
    2.911492,
    0.000000,
    0.000000,
    2.911492,
    -0.000001,
    0.000000,
    2.911492,
    -0.000001,
    0.000000,
    2.911492,
    -0.000001,
    -0.005136,
    2.919044,
    -0.042877,
    0.000000,
    2.911492,
    0.000000,
    -0.000001,
    2.911492,
    0.000000,
    -0.000001,
    2.911492,
    0.000000,
    -0.000001,
    2.911492,
    0.000000,
    0.000000,
    2.911492,
    0.000000
  ],
  "morphTargets": [],
  "morphColors": [],
  "normals": [],
  "colors": [],
  "uvs": [
    [
      0.20033,
      0.80037,
      0.2486,
      0.81635,
      0.20546,
      0.82098,
      0.22195,
      0.78857,
      0.18521,
      0.78324,
      0.20012,
      0.72181,
      0.19074,
      0.81555,
      0.15328,
      0.8186,
      0.13956,
      0.87484,
      0.19342,
      0.86643,
      0.23659,
      0.9084,
      0.1557,
      0.71289,
      0.13924,
      0.61797,
      0.22196,
      0.62164,
      0.29823,
      0.75502,
      0.26382,
      0.68892,
      0.13375,
      0.78693,
      0.37596,
      0.70697,
      0.040337,
      0.73674,
      0.082905,
      0.66908,
      0.28358,
      0.88174,
      0.34675,
      0.93248,
      0.23203,
      0.9836,
      0.37379,
      0.83227,
      0.30269,
      0.27786,
      0.30307,
      0.28565,
      0.3056,
      0.29746,
      0.30465,
      0.29791,
      0.48877,
      0.46631,
      0.49685,
      0.33133,
      0.59353,
      0.39978,
      0.5652,
      0.25718,
      0.45325,
      0.22043,
      0.48142,
      0.10895,
      0.28332,
      0.5002,
      0.39093,
      0.52378,
      0.30462,
      0.5752,
      0.37573,
      0.16878,
      0.33727,
      0.070658,
      0.38886,
      0.42217,
      0.18561,
      0.53753,
      0.22902,
      0.41712,
      0.10329,
      0.39649,
      0.28042,
      0.14227,
      0.29891,
      0.42733,
      0.20086,
      0.351,
      0.18958,
      0.18147,
      0.25733,
      0.24969,
      0.17342,
      0.28889,
      0.34187,
      0.2219,
      0.38776,
      0.35501,
      0.41741,
      0.28375,
      0.26458,
      0.18738,
      0.32486,
      0.37846,
      0.28547,
      0.35062,
      0.25928,
      0.31113,
      0.37168,
      0.29564,
      0.32902,
      0.26964,
      0.33073,
      0.32207,
      0.30266,
      0.27715,
      0.32376,
      0.30066,
      0.30944,
      0.32237,
      0.30279,
      0.31278,
      0.28879,
      0.30715,
      0.30632,
      0.29667,
      0.31037,
      0.30307,
      0.31017,
      0.30194,
      0.30692,
      0.29704,
      0.30983,
      0.30082,
      0.31072,
      0.30446,
      0.30826,
      0.31068,
      0.30908,
      0.31093,
      0.31067,
      0.30566,
      0.30966,
      0.31091,
      0.30707,
      0.31042,
      0.30208,
      0.30487,
      0.30217,
      0.30599,
      0.30251,
      0.30707,
      0.30166,
      0.30331,
      0.30155,
      0.30214,
      0.039994,
      0.8235,
      0.1313,
      0.97672,
      0.062024,
      0.92954,
      0.003616,
      0.86474,
      0.17014,
      0.075471,
      0.08987,
      0.18918,
      0.092703,
      0.47725,
      0.041418,
      0.29978
    ]
  ],