{
  "metadata": {
    "formatVersion": 3.1,
    "sourceFile": "balloon2-quad-low-res.obj",
    "generatedBy": "OBJConverter",
    "vertices": 112,
    "faces": 96,
    "normals": 0,
    "colors": 0,
    "uvs": 108,
    "materials": 1
  },
  "scale": 1.000000,
  "materials": [
    {
      "DbgColor": 15658734,
      "DbgIndex": 0,
      "DbgName": "Material_test-image.002",
      "colorAmbient": [
        0.0,
        0.0,
        0.0
      ],
      "colorDiffuse": [
        0.64,
        0.64,
        0.64
      ],
      "colorSpecular": [
        0.5,
        0.5,
        0.5
      ],
      "illumination": 2,
      "opticalDensity": 1.0,
      "specularCoef": 96.078431,
      "transparency": 1.0,
      "transparent": true
    }
  ],
  "vertices": [
    0.000000,
    0.004148,
    0.000000,
    0.000000,
    0.004148,
    0.000000,
    0.000000,
    0.004148,
    0.000000,
    0.000000,
    0.004148,
    0.000000,
    0.000000,
    0.004148,
    0.000000,
    0.000000,
    0.004148,
    0.000000,
    0.000000,
    0.004148,
    0.000000,
    0.000000,
    0.004148,
    0.000000,
    0.000000,
    0.004148,
    0.000000,
    0.000000,
    0.004148,
    0.000000,
    0.000000,
    0.004148,
    0.000000,
    0.000000,
    0.004148,
    0.000000,
    0.000000,
    0.004148,
    0.000000,
    0.000000,
    0.004148,
    0.000000,
    0.000000,
    0.004148,
    0.000000,
    0.000000,
    0.004148,
    0.000000,
    -0.337447,
    0.617128,
    0.337447,
    -0.423656,
    0.615452,
    0.218779,
    -0.218779,
    0.615452,
    0.423656,
    -0.000000,
    0.614180,
    0.475305,
    0.218780,
    0.615452,
    0.423656,
    0.337447,
    0.617128,
    0.337447,
    0.423656,
    0.615452,
    0.218779,
    0.475305,
    0.614180,
    0.000000,
    0.423655,
    0.615452,
    -0.218780,
    0.337445,
    0.617128,
    -0.337447,
    0.218779,
    0.615453,
    -0.423656,
    0.000000,
    0.614180,
    -0.475305,
    -0.218780,
    0.615452,
    -0.423655,
    -0.337447,
    0.617128,
    -0.337446,
    -0.423655,
    0.615452,
    -0.218780,
    -0.475305,
    0.614180,
    0.000000,
    -0.651863,
    1.453114,
    0.651863,
    -0.814327,
    1.453114,
    0.437086,
    -0.437086,
    1.453115,
    0.814326,
    0.000000,
    1.453114,
    0.921874,
    0.437086,
    1.453114,
    0.814326,
    0.651863,
    1.453114,
    0.651863,
    0.814326,
    1.453115,
    0.437086,
    0.921874,
    1.453114,
    0.000000,
    0.814326,
    1.453114,
    -0.437086,
    0.651863,
    1.453114,
    -0.651863,
    0.437086,
    1.453115,
    -0.814326,
    0.000000,
    1.453114,
    -0.921874,
    -0.437086,
    1.453114,
    -0.814326,
    -0.651863,
    1.453114,
    -0.651863,
    -0.814327,
    1.453114,
    -0.437086,
    -0.921874,
    1.453114,
    0.000000,
    -0.705089,
    1.986982,
    0.705089,
    -0.880818,
    1.986982,
    0.472775,
    -0.472775,
    1.986982,
    0.880818,
    0.000000,
    1.986982,
    0.997146,
    0.472775,
    1.986982,
    0.880818,
    0.705089,
    1.986982,
    0.705089,
    0.880818,
    1.986982,
    0.472775,
    0.997146,
    1.986982,
    0.000000,
    0.880818,
    1.986982,
    -0.472775,
    0.705089,
    1.986982,
    -0.705089,
    0.472775,
    1.986982,
    -0.880818,
    0.000000,
    1.986982,
    -0.997146,
    -0.472775,
    1.986982,
    -0.880817,
    -0.705089,
    1.986982,
    -0.705089,
    -0.880818,
    1.986982,
    -0.472775,
    -0.997147,
    1.986982,
    0.000000,
    -0.521315,
    2.587111,
    0.521315,
    -0.651242,
    2.587111,
    0.349551,
    -0.349551,
    2.587111,
    0.651242,
    0.000000,
    2.587111,
    0.737251,
    0.349551,
    2.587111,
    0.651242,
    0.521315,
    2.587111,
    0.521315,
    0.651242,
    2.587111,
    0.349551,
    0.737251,
    2.587111,
    0.000000,
    0.651242,
    2.587111,
    -0.349551,
    0.521315,
    2.587111,
    -0.521315,
    0.349551,
    2.587111,
    -0.651242,
    0.000000,
    2.587111,
    -0.737251,
    -0.349552,
    2.587111,
    -0.651242,
    -0.521316,
    2.587111,
    -0.521315,
    -0.651242,
    2.587111,
    -0.349551,
    -0.737251,
    2.587111,
    0.000000,
    -0.218853,
    2.862390,
    0.218853,
    -0.273397,
    2.862390,
    0.146745,
    -0.146745,
    2.862390,
    0.273397,
    0.000000,
    2.862390,
    0.309505,
    0.146745,
    2.862390,
    0.273397,
    0.218853,
    2.862390,
    0.218853,
    0.273397,
    2.862390,
    0.146745,
    0.309505,
    2.862390,
    0.000000,
    0.273397,
    2.862390,
    -0.146745,
    0.218853,
    2.862390,
    -0.218853,
    0.146745,
    2.862390,
    -0.273397,
    0.000000,
    2.862390,
    -0.309505,
    -0.146745,
    2.862390,
    -0.273397,
    -0.218853,
    2.862390,
    -0.218853,
    -0.273397,
    2.862390,
    -0.146745,
    -0.309505,
    2.862390,
    0.000000,
    0.000000,
    2.911492,
    0.000000,
    0.000000,
    2.911492,
    0.000000,
    0.000000,
    2.911492,
    0.000000,
    0.000000,
    2.911492,
    0.000001,
    0.000000,
    2.911492,
    0.000000,
    0.000000,
    2.911492,
    0.000000,
    0.000000,
    2.911492,
    0.000000,
    0.000001,
    2.911492,
    0.000000,
    0.000000,
    2.911492,
    0.000000,
    0.000000,
    2.911492,
    0.000000,
    0.000000,
    2.911492,
    0.000000,
    0.000000,
    2.911492,
    -0.000001,
    0.000000,
    2.911492,
    0.000000,
    0.000000,
    2.911492,
    0.000000,
    0.000000,
    2.911492,
    0.000000,
    -0.000001,
    2.911492,
    0.000000
  ],
  "morphTargets": [],
  "morphColors": [],
  "normals": [],
  "colors": [],